﻿<parameters>
  <parameter name="IIS Web Application Name" defaultValue="Dev-Site" tags="IisApp">
    <parameterEntry kind="ProviderPath" scope="IisApp" match="^C:\\Users\\Ryan\\Documents\\Programming\\demos\\NET_Server_Demo\\NET_Server_Demo\\obj\\Release\\Package\\PackageTmp$" />
    <parameterEntry kind="ProviderPath" scope="setAcl" match="^C:\\Users\\Ryan\\Documents\\Programming\\demos\\NET_Server_Demo\\NET_Server_Demo\\obj\\Release\\Package\\PackageTmp$" />
  </parameter>
  <parameter name="CALL_NOTES_DEVEntities-Web.config Connection String" defaultValue="metadata=res://*/Models.User.csdl|res://*/Models.User.ssdl|res://*/Models.User.msl;provider=System.Data.SqlClient;provider connection string=&quot;data source=call-notes-dev.database.windows.net;initial catalog=CALL_NOTES_DEV;user id=calldev;multipleactiveresultsets=True;application name=EntityFramework&quot;">
    <parameterEntry kind="XmlFile" scope="C:\\Users\\Ryan\\Documents\\Programming\\demos\\NET_Server_Demo\\NET_Server_Demo\\obj\\Release\\Package\\PackageTmp\\Web\.config$" match="/configuration/connectionStrings/add[@name='CALL_NOTES_DEVEntities']/@connectionString" />
  </parameter>
  <parameter name="CALL_NOTES_DEV_Entities-Web.config Connection String" defaultValue="metadata=res://*/CallNotes.csdl|res://*/CallNotes.ssdl|res://*/CallNotes.msl;provider=System.Data.SqlClient;provider connection string=&quot;data source=call-notes-dev.database.windows.net;initial catalog=CALL_NOTES_DEV;user id=calldev;MultipleActiveResultSets=True;App=EntityFramework&quot;">
    <parameterEntry kind="XmlFile" scope="C:\\Users\\Ryan\\Documents\\Programming\\demos\\NET_Server_Demo\\NET_Server_Demo\\obj\\Release\\Package\\PackageTmp\\Web\.config$" match="/configuration/connectionStrings/add[@name='CALL_NOTES_DEV_Entities']/@connectionString" />
  </parameter>
  <parameter name="DefaultConnection-Web.config Connection String" defaultValue="Data Source=(LocalDb)\v11.0;Initial Catalog=aspnet-NET_Server_Demo-20160410182307;Integrated Security=SSPI;AttachDBFilename=|DataDirectory|\aspnet-NET_Server_Demo-20160410182307.mdf">
    <parameterEntry kind="XmlFile" scope="C:\\Users\\Ryan\\Documents\\Programming\\demos\\NET_Server_Demo\\NET_Server_Demo\\obj\\Release\\Package\\PackageTmp\\Web\.config$" match="/configuration/connectionStrings/add[@name='DefaultConnection']/@connectionString" />
  </parameter>
  <parameter name="CALL_NOTES_DEV-Web.config Connection String" description="CALL_NOTES_DEV Connection String used in web.config by the application to access the database." defaultValue="metadata=res://*/Models.Note.csdl|res://*/Models.Note.ssdl|res://*/Models.Note.msl;provider=System.Data.SqlClient;provider connection string=&quot;data source=call-notes-dev.database.windows.net;initial catalog=CALL_NOTES_DEV;user id=calldev;multipleactiveresultsets=True;application name=EntityFramework&quot;" tags="SqlConnectionString">
    <parameterEntry kind="XmlFile" scope="C:\\Users\\Ryan\\Documents\\Programming\\demos\\NET_Server_Demo\\NET_Server_Demo\\obj\\Release\\Package\\PackageTmp\\Web\.config$" match="/configuration/connectionStrings/add[@name='CALL_NOTES_DEV']/@connectionString" />
  </parameter>
</parameters>